Date,playerId,playerFullName,PitchType,Vel,IndVertBrk,HorzBrk,Spin,Extension,RelH (ft),RelS (ft),norm_HorzBrk,norm_RelS,primary_fastball,Vel_primary,IndVertBrk_primary,norm_HorzBrk_primary,vel_diff,ivb_diff,hb_diff,predicted_xPitchRV/P,group_mean,group_std,CLASS+
2/14/25,695545,"Elliott, Hunter",4S,91.20662,15.94776,-17.61966,2365.385722,6.38117,5.20108,-2.65963,17.61966,2.65963,4S,90.66612581818181,15.839960909090909,15.979342727272726,0.5404941818181896,0.10779909090909179,1.6403172727272732,0.011846402093864587,0.0028173875412249826,0.007336215723822519,112.30745508657841
2/14/25,695545,"Elliott, Hunter",4S,90.45469,17.68088,-14.52646,2302.915107,6.43329,5.16786,-2.62065,14.52646,2.62065,4S,90.66612581818181,15.839960909090909,15.979342727272726,-0.2114358181818119,1.8409190909090896,-1.4528827272727263,0.009854284671007086,0.0028173875412249826,0.007336215723822519,109.59199864711114
2/14/25,695545,"Elliott, Hunter",4S,90.96011,13.9495,-19.29029,2302.581549,6.37695,5.15687,-2.58482,19.29029,2.58482,4S,90.66612581818181,15.839960909090909,15.979342727272726,0.29398418181818897,-1.8904609090909084,3.3109472727272724,0.0051169031290736995,0.0028173875412249826,0.007336215723822519,103.1344710603065
2/14/25,695545,"Elliott, Hunter",4S,92.91678,14.51654,-15.12505,2396.83028,6.29226,5.30136,-2.4728,15.12505,2.4728,4S,90.66612581818181,15.839960909090909,15.979342727272726,2.2506541818181915,-1.323420909090908,-0.8542927272727265,0.0060066476273606065,0.0028173875412249826,0.007336215723822519,104.34728231311315
2/14/25,695545,"Elliott, Hunter",CH,80.8635,2.82303,-21.43159,2001.898056,6.15134,4.85089,-2.86336,21.43159,2.86336,4S,90.66612581818181,15.839960909090909,15.979342727272726,-9.80262581818181,-13.01693090909091,5.4522472727272735,0.003880458519724908,0.005730213940822945,0.009439826183703717,98.04047724491863
2/14/25,695545,"Elliott, Hunter",4S,90.74636,15.76276,-17.81403,2359.773478,6.43622,5.16133,-2.68516,17.81403,2.68516,4S,90.66612581818181,15.839960909090909,15.979342727272726,0.08023418181818442,-0.07720090909090871,1.8346872727272725,0.00948505129449898,0.0028173875412249826,0.007336215723822519,109.08869641281463
2/14/25,695545,"Elliott, Hunter",4S,91.801,10.6552,-17.82383,2305.375881,6.27643,5.02717,-2.59464,17.82383,2.59464,4S,90.66612581818181,15.839960909090909,15.979342727272726,1.1348741818181907,-5.184760909090908,1.8444872727272745,0.0014238603898940366,0.0028173875412249826,0.007336215723822519,98.10048231432751
2/14/25,695545,"Elliott, Hunter",4S,92.31314,13.57686,-17.33717,2323.17153,6.24168,5.03732,-2.62487,17.33717,2.62487,4S,90.66612581818181,15.839960909090909,15.979342727272726,1.647014181818193,-2.263100909090909,1.357827272727274,0.000612802449447795,0.0028173875412249826,0.007336215723822519,96.99492875513685
2/14/25,695545,"Elliott, Hunter",CH,80.89599,7.90386,-20.55418,1986.327785,5.97072,4.93462,-3.1176,20.55418,3.1176,4S,90.66612581818181,15.839960909090909,15.979342727272726,-9.770135818181814,-7.936100909090909,4.574837272727272,0.001225735910980253,0.005730213940822945,0.009439826183703717,95.22821931020412
2/14/25,695545,"Elliott, Hunter",CH,81.10899,3.76567,-22.57237,2086.392861,5.96271,4.90768,-3.09791,22.57237,3.09791,4S,90.66612581818181,15.839960909090909,15.979342727272726,-9.557135818181806,-12.074290909090909,6.593027272727273,0.004303356139084534,0.005730213940822945,0.009439826183703717,98.48847025996979
2/14/25,695545,"Elliott, Hunter",4S,93.90308,16.84505,-17.66383,2407.672302,6.23383,5.0853,-2.52204,17.66383,2.52204,4S,90.66612581818181,15.839960909090909,15.979342727272726,3.2369541818181915,1.0050890909090917,1.6844872727272744,0.010738175279758552,0.0028173875412249826,0.007336215723822519,110.79683045962348
2/14/25,695545,"Elliott, Hunter",4S,91.67448,16.60973,-16.14627,2347.917376,6.40429,5.16333,-2.43498,16.14627,2.43498,4S,90.66612581818181,15.839960909090909,15.979342727272726,1.0083541818181914,0.7697690909090902,0.1669272727272748,0.01158076959879266,0.0028173875412249826,0.007336215723822519,111.9453712751532
2/14/25,695545,"Elliott, Hunter",4S,93.60193,15.00139,-18.43501,2467.229458,6.27404,5.1487,-2.73817,18.43501,2.73817,4S,90.66612581818181,15.839960909090909,15.979342727272726,2.9358041818181846,-0.8385709090909081,2.455667272727272,0.005939270332051541,0.0028173875412249826,0.007336215723822519,104.25544028195495
2/14/25,695545,"Elliott, Hunter",4S,92.61211,11.6254,-17.44257,2418.130936,6.35261,5.07155,-2.72216,17.44257,2.72216,4S,90.66612581818181,15.839960909090909,15.979342727272726,1.94598418181819,-4.214560909090908,1.4632272727272735,0.004162118038838377,0.0028173875412249826,0.007336215723822519,101.83300293807707
2/14/25,695545,"Elliott, Hunter",CH,82.49359,5.20248,-22.2256,2093.930143,5.83345,4.95212,-3.06056,22.2256,3.06056,4S,90.66612581818181,15.839960909090909,15.979342727272726,-8.172535818181814,-10.637480909090907,6.246257272727274,0.005598522576151159,0.005730213940822945,0.009439826183703717,99.86049386703843
2/14/25,695545,"Elliott, Hunter",4S,92.23232,19.08501,-13.63705,2372.931594,6.43315,5.13877,-2.48242,13.63705,2.48242,4S,90.66612581818181,15.839960909090909,15.979342727272726,1.5661941818181901,3.2450490909090917,-2.342292727272726,0.009876922327738735,0.0028173875412249826,0.007336215723822519,109.62285605041532
2/14/25,695545,"Elliott, Hunter",CH,81.08302,4.42299,-21.0721,2092.593435,5.99659,4.90341,-3.05617,21.0721,3.05617,4S,90.66612581818181,15.839960909090909,15.979342727272726,-9.583105818181807,-11.416970909090908,5.0927572727272725,0.006232417143483279,0.005730213940822945,0.009439826183703717,100.53200471373859
2/14/25,695545,"Elliott, Hunter",CH,80.40446,9.47599,-17.71017,2066.23276,6.13296,4.94235,-2.89234,17.71017,2.89234,4S,90.66612581818181,15.839960909090909,15.979342727272726,-10.261665818181811,-6.363970909090909,1.730827272727275,-0.002933645041436207,0.005730213940822945,0.009439826183703717,90.82201428961069
2/14/25,695545,"Elliott, Hunter",4S,90.39105,15.09379,-14.95123,2304.942687,6.37804,5.0901,-2.80451,14.95123,2.80451,4S,90.66612581818181,15.839960909090909,15.979342727272726,-0.27507581818180427,-0.7461709090909086,-1.0281127272727257,0.0064172916747265,0.0028173875412249826,0.007336215723822519,104.90703145739258
2/14/25,695545,"Elliott, Hunter",4S,90.69707,18.28721,-15.16658,2343.164317,6.23472,5.22612,-2.6059,15.16658,2.6059,4S,90.66612581818181,15.839960909090909,15.979342727272726,0.030944181818185257,2.447249090909093,-0.8127627272727267,0.016029158730788005,0.0028173875412249826,0.007336215723822519,118.0089731367374
2/14/25,695545,"Elliott, Hunter",CH,78.73612,8.06445,-21.30883,2082.660066,5.96483,4.94071,-3.03299,21.30883,3.03299,4S,90.66612581818181,15.839960909090909,15.979342727272726,-11.930005818181812,-7.775510909090908,5.329487272727274,0.004156743672288529,0.005730213940822945,0.009439826183703717,98.33315758371616
2/14/25,695545,"Elliott, Hunter",CH,80.11593,8.52497,-19.85123,2090.87529,5.84119,4.99992,-2.96443,19.85123,2.96443,4S,90.66612581818181,15.839960909090909,15.979342727272726,-10.550195818181805,-7.314990909090909,3.8718872727272746,0.003482829088416745,0.005730213940822945,0.009439826183703717,97.61925187109279
2/14/25,695545,"Elliott, Hunter",4S,92.37603,17.2282,-14.11552,2398.050494,6.24968,5.15432,-2.81182,14.11552,2.81182,4S,90.66612581818181,15.839960909090909,15.979342727272726,1.7099041818181888,1.3882390909090923,-1.8638227272727264,0.010364096168158152,0.0028173875412249826,0.007336215723822519,110.28692300095146
2/14/25,695545,"Elliott, Hunter",4S,91.58487,17.65847,-15.14257,2360.456868,6.20541,5.14861,-2.73171,15.14257,2.73171,4S,90.66612581818181,15.839960909090909,15.979342727272726,0.9187441818181838,1.8185090909090924,-0.8367727272727272,0.01693718164854269,0.0028173875412249826,0.007336215723822519,119.24669971395092
2/14/25,695545,"Elliott, Hunter",SL,79.22013,-0.14382,7.96008,2486.420328,5.78749,5.04923,-3.14467,-7.96008,3.14467,4S,90.66612581818181,15.839960909090909,15.979342727272726,-11.445995818181814,-15.983780909090909,-23.939422727272728,0.012318425741990952,0.0074131820252190065,0.007873758574086115,106.22986299442294
2/14/25,695545,"Elliott, Hunter",4S,91.18617,16.02867,-16.58985,2338.684342,6.2139,5.22401,-2.71859,16.58985,2.71859,4S,90.66612581818181,15.839960909090909,15.979342727272726,0.5200441818181929,0.18870909090909294,0.610507272727272,0.0022901323720039167,0.0028173875412249826,0.007336215723822519,99.28129816642532
2/14/25,695545,"Elliott, Hunter",4S,91.22293,15.61009,-15.90532,2348.374272,6.23156,5.26555,-2.5801,15.90532,2.5801,4S,90.66612581818181,15.839960909090909,15.979342727272726,0.5568041818181939,-0.22987090909090924,-0.07402272727272674,0.007433201173452159,0.0028173875412249826,0.007336215723822519,106.29181829705263
2/14/25,695545,"Elliott, Hunter",SL,78.37436,-6.30992,7.08512,2485.255642,5.7542,5.12201,-2.74525,-7.08512,2.74525,4S,90.66612581818181,15.839960909090909,15.979342727272726,-12.291765818181815,-22.14988090909091,-23.064462727272726,0.00958493714005834,0.0074131820252190065,0.007873758574086115,102.75821908229057
2/14/25,695545,"Elliott, Hunter",4S,92.30945,13.89461,-14.05394,2293.13478,6.36275,5.16823,-2.7997,14.05394,2.7997,4S,90.66612581818181,15.839960909090909,15.979342727272726,1.643324181818187,-1.9453509090909087,-1.9254027272727257,-0.00010461061158815592,0.0028173875412249826,0.007336215723822519,96.01702258655688
2/14/25,695545,"Elliott, Hunter",4S,89.88214,15.87406,-15.82009,2276.836199,6.54296,5.02092,-2.74437,15.82009,2.74437,4S,90.66612581818181,15.839960909090909,15.979342727272726,-0.7839858181818045,0.034099090909091245,-0.159252727272726,0.00042025980743085945,0.0028173875412249826,0.007336215723822519,96.73247376571813
2/14/25,695545,"Elliott, Hunter",CH,81.06699,4.82567,-22.55537,2001.626905,6.0927,4.84002,-2.96381,22.55537,2.96381,4S,90.66612581818181,15.839960909090909,15.979342727272726,-9.599135818181807,-11.01429090909091,6.5760272727272735,0.006232417143483279,0.005730213940822945,0.009439826183703717,100.53200471373859
2/14/25,695545,"Elliott, Hunter",4S,90.99306,16.07068,-16.18261,2308.697264,6.30211,5.06857,-2.84468,16.18261,2.84468,4S,90.66612581818181,15.839960909090909,15.979342727272726,0.32693418181818856,0.2307190909090906,0.20326727272727396,0.0012826493585604926,0.0028173875412249826,0.007336215723822519,97.90799747384634
2/14/25,695545,"Elliott, Hunter",4S,92.33368,14.07757,-15.38217,2325.271845,6.30816,5.10337,-2.70617,15.38217,2.70617,4S,90.66612581818181,15.839960909090909,15.979342727272726,1.6675541818181898,-1.7623909090909091,-0.5971727272727261,0.001656864296947716,0.0028173875412249826,0.007336215723822519,98.41809007809195
2/14/25,695545,"Elliott, Hunter",4S,90.95235,16.08536,-15.94414,2330.017389,6.38303,5.0769,-2.73729,15.94414,2.73729,4S,90.66612581818181,15.839960909090909,15.979342727272726,0.2862241818181843,0.24539909090909262,-0.035202727272725554,0.005029653532711358,0.0028173875412249826,0.007336215723822519,103.01554108380782
2/14/25,695545,"Elliott, Hunter",4S,92.19191,12.07253,-19.68367,2361.345541,6.33687,5.03846,-2.70976,19.68367,2.70976,4S,90.66612581818181,15.839960909090909,15.979342727272726,1.5257841818181817,-3.7674309090909084,3.704327272727273,0.010319143961211572,0.0028173875412249826,0.007336215723822519,110.22564862102749
2/14/25,695545,"Elliott, Hunter",CH,78.21231,4.36028,-21.28194,1980.917883,5.89948,4.91912,-3.10962,21.28194,3.10962,4S,90.66612581818181,15.839960909090909,15.979342727272726,-12.453815818181809,-11.47968090909091,5.302597272727272,0.012596695074996483,0.005730213940822945,0.009439826183703717,107.27394869412677
2/14/25,695545,"Elliott, Hunter",4S,89.97755,15.34454,-18.32273,2370.761847,6.3112,5.0801,-2.94065,18.32273,2.94065,4S,90.66612581818181,15.839960909090909,15.979342727272726,-0.6885758181818176,-0.4954209090909085,2.3433872727272735,0.009127044048419642,0.0028173875412249826,0.007336215723822519,108.60069652355727
2/14/25,695545,"Elliott, Hunter",4S,89.89041,15.94867,-16.76249,2350.380008,6.49612,5.15837,-2.62179,16.76249,2.62179,4S,90.66612581818181,15.839960909090909,15.979342727272726,-0.7757158181818085,0.10870909090909109,0.7831472727272732,0.008572597679471427,0.0028173875412249826,0.007336215723822519,107.84493034952318
2/14/25,695545,"Elliott, Hunter",4S,89.95108,17.36147,-14.65115,2241.454428,6.33817,5.10813,-2.75882,14.65115,2.75882,4S,90.66612581818181,15.839960909090909,15.979342727272726,-0.7150458181818067,1.5215090909090918,-1.328192727272727,0.005495963720173749,0.0028173875412249826,0.007336215723822519,103.65116877663611
2/14/25,695545,"Elliott, Hunter",4S,91.52959,14.19056,-17.32036,2381.822348,6.47358,5.0588,-2.65394,17.32036,2.65394,4S,90.66612581818181,15.839960909090909,15.979342727272726,0.8634641818181876,-1.6494009090909092,1.3410172727272744,0.010829374104488919,0.0028173875412249826,0.007336215723822519,110.92114363165061
2/14/25,695545,"Elliott, Hunter",4S,90.56531,16.37584,-15.06895,2279.731678,6.36773,5.04187,-2.70208,15.06895,2.70208,4S,90.66612581818181,15.839960909090909,15.979342727272726,-0.10081581818181462,0.5358790909090914,-0.9103927272727272,0.005513688957333892,0.0028173875412249826,0.007336215723822519,103.67533005791167
2/14/25,695545,"Elliott, Hunter",4S,91.35668,14.91646,-15.82729,2352.886519,6.45791,5.14733,-2.80852,15.82729,2.80852,4S,90.66612581818181,15.839960909090909,15.979342727272726,0.690554181818186,-0.9235009090909081,-0.15205272727272678,0.009076755951984686,0.0028173875412249826,0.007336215723822519,108.53214878951007
2/14/25,695545,"Elliott, Hunter",4S,91.63588,16.5054,-17.21095,2339.150104,6.24297,5.2594,-2.78485,17.21095,2.78485,4S,90.66612581818181,15.839960909090909,15.979342727272726,0.969754181818189,0.6654390909090928,1.231607272727274,4.494925268455124e-05,0.0028173875412249826,0.007336215723822519,96.22088772616428
2/14/25,695545,"Elliott, Hunter",4S,91.17488,16.43647,-14.22993,2281.18092,6.34498,5.28501,-2.57839,14.22993,2.57839,4S,90.66612581818181,15.839960909090909,15.979342727272726,0.5087541818181904,0.5965090909090911,-1.749412727272727,0.002366246328937369,0.0028173875412249826,0.007336215723822519,99.38504914622038
2/14/25,695545,"Elliott, Hunter",4S,92.10042,17.19509,-15.32402,2416.084128,6.20065,5.30022,-2.52469,15.32402,2.52469,4S,90.66612581818181,15.839960909090909,15.979342727272726,1.4342941818181885,1.3551290909090916,-0.6553227272727256,0.011455203910926427,0.0028173875412249826,0.007336215723822519,111.7742126116225
2/14/25,695545,"Elliott, Hunter",CH,80.19889,11.35831,-20.92981,2009.570217,6.20949,4.93687,-3.01434,20.92981,3.01434,4S,90.66612581818181,15.839960909090909,15.979342727272726,-10.467235818181805,-4.481650909090909,4.950467272727273,0.003431314874717515,0.005730213940822945,0.009439826183703717,97.56468072465773
2/14/25,695545,"Elliott, Hunter",4S,91.4862,15.98851,-15.1619,2379.149291,6.31641,5.12387,-2.72119,15.1619,2.72119,4S,90.66612581818181,15.839960909090909,15.979342727272726,0.8200741818181854,0.14854909090909096,-0.8174427272727272,0.013403107077883218,0.0028173875412249826,0.007336215723822519,114.42940057267369
2/14/25,695545,"Elliott, Hunter",4S,91.61022,14.70544,-16.10229,2371.977584,6.48421,5.05976,-2.74154,16.10229,2.74154,4S,90.66612581818181,15.839960909090909,15.979342727272726,0.9440941818181869,-1.1345209090909094,0.12294727272727357,0.009500629338634907,0.0028173875412249826,0.007336215723822519,109.10993085400662
2/14/25,695545,"Elliott, Hunter",4S,88.97902,15.40241,-17.10808,2287.356447,6.48535,5.04317,-2.60742,17.10808,2.60742,4S,90.66612581818181,15.839960909090909,15.979342727272726,-1.6871058181818057,-0.4375509090909091,1.1287372727272746,0.00017363888999673044,0.0028173875412249826,0.007336215723822519,96.39630464703575
2/14/25,695545,"Elliott, Hunter",4S,91.21508,18.2895,-13.69328,2325.062375,6.3431,5.04817,-2.8607,13.69328,2.8607,4S,90.66612581818181,15.839960909090909,15.979342727272726,0.5489541818181891,2.4495390909090915,-2.2860627272727267,0.008624442874769081,0.0028173875412249826,0.007336215723822519,107.91560056595274
2/14/25,695545,"Elliott, Hunter",SL,78.92733,-4.32303,4.29949,2265.43755,5.91637,5.03001,-2.89172,-4.29949,2.89172,4S,90.66612581818181,15.839960909090909,15.979342727272726,-11.738795818181814,-20.162990909090908,-20.278832727272725,-0.003250292883259492,0.0074131820252190065,0.007873758574086115,86.4569445352645
2/14/25,695545,"Elliott, Hunter",CH,79.71429,10.08095,-22.86104,2097.20542,6.35537,4.88133,-3.01437,22.86104,3.01437,4S,90.66612581818181,15.839960909090909,15.979342727272726,-10.951835818181806,-5.759010909090909,6.881697272727273,-0.0012699760080600014,0.005730213940822945,0.009439826183703717,92.58440800428338
2/14/25,695545,"Elliott, Hunter",4S,89.12574,18.29155,-14.67162,2355.839516,6.23737,5.24482,-2.83674,14.67162,2.83674,4S,90.66612581818181,15.839960909090909,15.979342727272726,-1.540385818181818,2.451589090909092,-1.3077227272727256,0.015080442487475887,0.0028173875412249826,0.007336215723822519,116.71577746334492
2/14/25,695545,"Elliott, Hunter",4S,90.94964,15.6508,-16.00591,2293.523616,6.2279,5.14671,-2.73747,16.00591,2.73747,4S,90.66612581818181,15.839960909090909,15.979342727272726,0.283514181818191,-0.18916090909090855,0.02656727272727366,-0.000968658926346454,0.0028173875412249826,0.007336215723822519,94.83923781674358
2/14/25,695545,"Elliott, Hunter",4S,89.55664,15.39788,-12.15729,2300.19845,6.39494,5.05463,-2.76375,12.15729,2.76375,4S,90.66612581818181,15.839960909090909,15.979342727272726,-1.1094858181818097,-0.44208090909090814,-3.8220527272727267,0.0022150647484143063,0.0028173875412249826,0.007336215723822519,99.17897344423122
2/14/25,695545,"Elliott, Hunter",4S,90.14802,15.773,-13.92721,2303.439359,6.31043,5.19713,-2.74716,13.92721,2.74716,4S,90.66612581818181,15.839960909090909,15.979342727272726,-0.5181058181818088,-0.06696090909090913,-2.052132727272726,0.005031219850582166,0.0028173875412249826,0.007336215723822519,103.0176761326256
2/14/25,695545,"Elliott, Hunter",4S,90.0042,14.98091,-16.09024,2287.719182,6.17711,5.25164,-2.41512,16.09024,2.41512,4S,90.66612581818181,15.839960909090909,15.979342727272726,-0.661925818181814,-0.8590509090909091,0.11089727272727501,-0.003118353764855602,0.0028173875412249826,0.007336215723822519,91.9089875086337
2/14/25,695545,"Elliott, Hunter",4S,89.99398,15.61084,-15.49001,2336.682672,6.39367,5.20357,-2.61709,15.49001,2.61709,4S,90.66612581818181,15.839960909090909,15.979342727272726,-0.6721458181818178,-0.2291209090909092,-0.4893327272727266,0.005986488640078419,0.0028173875412249826,0.007336215723822519,104.31980358560419
2/14/25,695545,"Elliott, Hunter",CH,78.54705,9.81182,-20.04753,2035.626935,6.21848,4.92645,-2.90749,20.04753,2.90749,4S,90.66612581818181,15.839960909090909,15.979342727272726,-12.119075818181813,-6.028140909090908,4.068187272727272,0.00018099546485549748,0.005730213940822945,0.009439826183703717,94.12148235785607
2/14/25,695545,"Elliott, Hunter",4S,88.69038,16.30871,-17.92863,2276.401179,6.2687,5.1388,-2.80605,17.92863,2.80605,4S,90.66612581818181,15.839960909090909,15.979342727272726,-1.9757458181818066,0.46874909090909256,1.9492872727272719,0.0023958394937922734,0.0028173875412249826,0.007336215723822519,99.42538760676865
2/14/25,695545,"Elliott, Hunter",4S,87.64184,14.36977,-14.33824,2206.226689,6.17636,5.20191,-3.02602,14.33824,3.02602,4S,90.66612581818181,15.839960909090909,15.979342727272726,-3.0242858181818093,-1.470190909090908,-1.6411027272727257,-0.00037267623076494275,0.0028173875412249826,0.007336215723822519,95.65162218222265
2/14/25,695545,"Elliott, Hunter",4S,87.81104,16.17501,-16.04631,2291.799348,6.33498,5.22648,-2.91988,16.04631,2.91988,4S,90.66612581818181,15.839960909090909,15.979342727272726,-2.8550858181818057,0.3350490909090915,0.06696727272727188,-0.0019408783329208615,0.0028173875412249826,0.007336215723822519,93.51400496758217
2/14/25,695545,"Elliott, Hunter",CH,80.70838,3.89358,-0.16543,2371.367651,5.84513,5.28904,-3.06153,0.16543,3.06153,4S,90.66612581818181,15.839960909090909,15.979342727272726,-9.957745818181806,-11.946380909090909,-15.813912727272726,0.0058662886152419024,0.005730213940822945,0.009439826183703717,100.14414955505629
2/14/25,695545,"Elliott, Hunter",4S,88.68265,16.64938,-16.42005,2289.917575,6.36622,5.1701,-2.80908,16.42005,2.80908,4S,90.66612581818181,15.839960909090909,15.979342727272726,-1.983475818181816,0.8094190909090919,0.4407072727272734,-0.00033664476340206475,0.0028173875412249826,0.007336215723822519,95.70073669673437
2/14/25,695545,"Elliott, Hunter",4S,88.38981,16.96009,-14.84438,2228.824924,6.30309,5.36062,-2.86238,14.84438,2.86238,4S,90.66612581818181,15.839960909090909,15.979342727272726,-2.276315818181814,1.1201290909090922,-1.1349627272727272,-4.627965214761153e-05,0.0028173875412249826,0.007336215723822519,96.09653355193257
2/14/25,695545,"Elliott, Hunter",4S,88.31589,16.60544,-17.63926,2253.29882,6.12452,5.34577,-2.77644,17.63926,2.77644,4S,90.66612581818181,15.839960909090909,15.979342727272726,-2.3502358181818153,0.7654790909090927,1.6599172727272737,-0.0028263968290174898,0.0028173875412249826,0.007336215723822519,92.30695418086508
2/14/25,695545,"Elliott, Hunter",4S,88.16133,18.10548,-17.11926,2303.047715,6.1224,5.26651,-3.00998,17.11926,3.00998,4S,90.66612581818181,15.839960909090909,15.979342727272726,-2.5047958181818046,2.265519090909091,1.1399172727272742,0.0014046504651639815,0.0028173875412249826,0.007336215723822519,98.0742972545457
2/14/25,695545,"Elliott, Hunter",4S,88.71811,17.7434,-16.36556,2279.363492,6.13697,5.28682,-2.77268,16.36556,2.77268,4S,90.66612581818181,15.839960909090909,15.979342727272726,-1.9480158181818155,1.9034390909090924,0.38621727272727213,0.0006939232633538205,0.0028173875412249826,0.007336215723822519,97.1055045846379
2/14/25,695545,"Elliott, Hunter",4S,88.84685,17.26296,-15.21056,2306.078328,6.23037,5.27538,-2.73628,15.21056,2.73628,4S,90.66612581818181,15.839960909090909,15.979342727272726,-1.8192758181818078,1.4229990909090908,-0.7687827272727272,0.004503612805523166,0.0028173875412249826,0.007336215723822519,102.29849465688773
2/14/25,695545,"Elliott, Hunter",CH,77.00496,5.97185,-21.27918,1942.264604,6.03521,4.96754,-3.26379,21.27918,3.26379,4S,90.66612581818181,15.839960909090909,15.979342727272726,-13.661165818181814,-9.868110909090909,5.299837272727274,0.008331258620093821,0.005730213940822945,0.009439826183703717,102.75539467428028
2/14/25,695545,"Elliott, Hunter",SL,76.81629,-1.76819,6.61685,2374.733185,5.67482,5.22178,-2.97972,-6.61685,2.97972,4S,90.66612581818181,15.839960909090909,15.979342727272726,-13.849835818181816,-17.60815090909091,-22.596192727272726,0.0038096345922925138,0.0074131820252190065,0.007873758574086115,95.42334528164683
2/14/25,695545,"Elliott, Hunter",4S,89.28319,16.11162,-15.40654,2224.887272,6.24529,5.20728,-2.74901,15.40654,2.74901,4S,90.66612581818181,15.839960909090909,15.979342727272726,-1.3829358181818066,0.2716590909090897,-0.5728027272727267,0.0023608929735335345,0.0028173875412249826,0.007336215723822519,99.37775198429745
2/14/25,695545,"Elliott, Hunter",4S,89.41399,15.43647,-15.39517,2270.560672,6.2091,5.26152,-2.80034,15.39517,2.80034,4S,90.66612581818181,15.839960909090909,15.979342727272726,-1.252135818181813,-0.4034909090909089,-0.5841727272727262,0.003596862315231956,0.0028173875412249826,0.007336215723822519,101.06250252630362
2/14/25,695545,"Elliott, Hunter",CH,76.5379,8.76981,-21.33332,1958.265584,5.96663,5.03452,-3.06522,21.33332,3.06522,4S,90.66612581818181,15.839960909090909,15.979342727272726,-14.128225818181818,-7.070150909090909,5.353977272727274,0.005828596634616364,0.005730213940822945,0.009439826183703717,100.10422087428184
2/14/25,695545,"Elliott, Hunter",4S,90.88797,15.86686,-15.22528,2343.543663,6.29942,5.29129,-2.60219,15.22528,2.60219,4S,90.66612581818181,15.839960909090909,15.979342727272726,0.22184418181818444,0.026899090909092038,-0.7540627272727267,0.011123395480680474,0.0028173875412249826,0.007336215723822519,111.32192434375098
2/14/25,702568,"Morris, Mason",FC,91.40633,3.8641,2.95276,2368.282057,6.05523,6.01261,1.30804,2.95276,1.30804,4S,95.0085924137931,18.27071275862069,5.779662413793103,-3.602262413793099,-14.406612758620689,-2.826902413793103,0.011661798428004454,0.01129307469919809,0.007585897596312635,100.48606473278204
2/14/25,702568,"Morris, Mason",4S,96.84616,19.16025,8.92705,2312.609908,6.26373,6.21695,1.12387,8.92705,1.12387,4S,95.0085924137931,18.27071275862069,5.779662413793103,1.8375675862069016,0.8895372413793119,3.1473875862068965,-0.0024611588338546743,0.0028173875412249826,0.007336215723822519,92.80481030848247
2/14/25,702568,"Morris, Mason",4S,96.99284,19.14099,8.00233,2483.77476,6.33092,6.16091,0.94716,8.00233,0.94716,4S,95.0085924137931,18.27071275862069,5.779662413793103,1.9842475862069051,0.8702772413793092,2.2226675862068976,0.002347515881561582,0.0028173875412249826,0.007336215723822519,99.35951766230427
2/14/25,702568,"Morris, Mason",4S,96.05075,17.89343,6.22752,2399.339713,6.36103,6.2338,0.79413,6.22752,0.79413,4S,95.0085924137931,18.27071275862069,5.779662413793103,1.0421575862068977,-0.37728275862069083,0.4478575862068972,0.006018235435245496,0.0028173875412249826,0.007336215723822519,104.36307766090705
2/14/25,702568,"Morris, Mason",4S,96.35914,16.69678,7.73359,2439.108819,6.17371,6.13729,1.04716,7.73359,1.04716,4S,95.0085924137931,18.27071275862069,5.779662413793103,1.3505475862069005,-1.573932758620689,1.9539275862068974,0.005926378380188495,0.0028173875412249826,0.007336215723822519,104.23786725473168
2/14/25,702568,"Morris, Mason",4S,94.28962,18.91576,9.47351,2473.691863,6.08943,6.09878,1.26163,9.47351,1.26163,4S,95.0085924137931,18.27071275862069,5.779662413793103,-0.7189724137930966,0.6450472413793094,3.6938475862068962,0.0014519028518563068,0.0028173875412249826,0.007336215723822519,98.13870701084402
2/14/25,702568,"Morris, Mason",FC,88.03475,3.66638,-1.41488,2441.035829,5.69442,6.10328,1.32743,-1.41488,1.32743,4S,95.0085924137931,18.27071275862069,5.779662413793103,-6.973842413793093,-14.60433275862069,-7.194542413793103,0.013856161078373959,0.01129307469919809,0.007585897596312635,103.37875161987651
2/14/25,702568,"Morris, Mason",SL,86.33617,-6.14055,-4.27725,2580.241544,5.24759,6.07223,1.43708,-4.27725,1.43708,4S,95.0085924137931,18.27071275862069,5.779662413793103,-8.6724224137931,-24.41126275862069,-10.056912413793103,0.009640010962080288,0.0074131820252190065,0.007873758574086115,102.82816512077238
2/14/25,702568,"Morris, Mason",4S,95.85069,19.45288,4.17646,2479.841436,6.01755,6.16494,1.20662,4.17646,1.20662,4S,95.0085924137931,18.27071275862069,5.779662413793103,0.8420975862069042,1.182167241379311,-1.6032024137931034,0.013380086757800575,0.0028173875412249826,0.007336215723822519,114.39802156072902
2/14/25,702568,"Morris, Mason",FC,89.17197,3.59122,2.87977,2551.233597,5.86326,6.1459,1.44817,2.87977,1.44817,4S,95.0085924137931,18.27071275862069,5.779662413793103,-5.836622413793094,-14.67949275862069,-2.899892413793103,0.014565225836874219,0.01129307469919809,0.007585897596312635,104.31346600205447
2/14/25,702568,"Morris, Mason",4S,95.17507,17.74576,4.70284,2416.573263,6.47844,6.11704,1.23151,4.70284,1.23151,4S,95.0085924137931,18.27071275862069,5.779662413793103,0.16647758620690922,-0.5249527586206888,-1.0768224137931028,0.0030397538086353658,0.0028173875412249826,0.007336215723822519,100.30310759086365
2/14/25,702568,"Morris, Mason",4S,94.65611,16.78099,6.0741,2356.186515,6.25686,6.13407,1.36532,6.0741,1.36532,4S,95.0085924137931,18.27071275862069,5.779662413793103,-0.35248241379309775,-1.4897227586206903,0.29443758620689664,0.006330984853675668,0.0028173875412249826,0.007336215723822519,104.78938657847964
2/14/25,702568,"Morris, Mason",4S,95.66256,19.22336,5.25957,2379.508196,6.434,6.10659,1.10486,5.25957,1.10486,4S,95.0085924137931,18.27071275862069,5.779662413793103,0.6539675862069032,0.9526472413793101,-0.5200924137931029,0.001323926369757943,0.0028173875412249826,0.007336215723822519,97.96426219226706
2/14/25,702568,"Morris, Mason",4S,94.45384,18.76225,5.04059,2345.552457,6.36538,6.11019,1.15936,5.04059,1.15936,4S,95.0085924137931,18.27071275862069,5.779662413793103,-0.5547524137930964,0.4915372413793122,-0.7390724137931031,0.0008294780702987572,0.0028173875412249826,0.007336215723822519,97.29027942230353
2/14/25,702568,"Morris, Mason",4S,95.39626,18.23092,5.27335,2374.543099,6.40847,6.08491,0.95198,5.27335,0.95198,4S,95.0085924137931,18.27071275862069,5.779662413793103,0.3876675862069021,-0.03979275862068832,-0.5063124137931032,0.0024521134173300274,0.0028173875412249826,0.007336215723822519,99.50209462528642
2/14/25,702568,"Morris, Mason",SL,86.94617,-7.60847,-6.34815,2731.265533,5.59673,6.01254,1.32609,-6.34815,1.32609,4S,95.0085924137931,18.27071275862069,5.779662413793103,-8.0624224137931,-25.87918275862069,-12.127812413793103,0.01313340864810782,0.0074131820252190065,0.007873758574086115,107.26492509144877
2/14/25,702568,"Morris, Mason",4S,95.04512,19.5332,3.80981,2432.571779,6.39599,6.19899,0.78737,3.80981,0.78737,4S,95.0085924137931,18.27071275862069,5.779662413793103,0.03652758620690122,1.2624872413793113,-1.9698524137931028,0.011624270414394436,0.0028173875412249826,0.007336215723822519,112.0046672626751
2/14/25,702568,"Morris, Mason",SL,85.97201,-8.09579,-6.98776,2731.517941,5.60062,6.14801,1.14982,-6.98776,1.14982,4S,95.0085924137931,18.27071275862069,5.779662413793103,-9.036582413793099,-26.36650275862069,-12.767422413793103,0.012869880744049506,0.0074131820252190065,0.007873758574086115,106.93023372190942
2/14/25,702568,"Morris, Mason",4S,94.75039,20.9021,4.32579,2466.58687,6.33151,6.25673,1.07597,4.32579,1.07597,4S,95.0085924137931,18.27071275862069,5.779662413793103,-0.25820241379310005,2.6313872413793113,-1.4538724137931034,0.01742280980680405,0.0028173875412249826,0.007336215723822519,119.90865974422157
2/14/25,702568,"Morris, Mason",4S,94.49072,18.71694,3.22095,2322.509725,6.15043,6.1601,1.09129,3.22095,1.09129,4S,95.0085924137931,18.27071275862069,5.779662413793103,-0.5178724137930999,0.4462272413793116,-2.5587124137931028,0.0026337163523356285,0.0028173875412249826,0.007336215723822519,99.749637693596
2/14/25,702568,"Morris, Mason",4S,95.28734,19.2243,6.12386,2432.534508,6.59975,6.14782,0.8299,6.12386,0.8299,4S,95.0085924137931,18.27071275862069,5.779662413793103,0.27874758620690443,0.9535872413793101,0.34419758620689667,0.00026309690320371775,0.0028173875412249826,0.007336215723822519,96.51824491784389
2/14/25,702568,"Morris, Mason",4S,94.71498,17.57245,4.74957,2405.437084,6.42234,6.06454,1.18302,4.74957,1.18302,4S,95.0085924137931,18.27071275862069,5.779662413793103,-0.2936124137930989,-0.6982627586206895,-1.0300924137931027,0.004119756931244214,0.0028173875412249826,0.007336215723822519,101.77526048721566
2/14/25,702568,"Morris, Mason",4S,95.42432,19.06162,5.87555,2396.107566,6.30902,6.15141,0.8414,5.87555,0.8414,4S,95.0085924137931,18.27071275862069,5.779662413793103,0.41572758620689854,0.7909072413793119,0.09588758620689664,0.0024444052185662022,0.0028173875412249826,0.007336215723822519,99.49158757498418
2/14/25,702568,"Morris, Mason",4S,94.46403,18.43997,6.41929,2430.013792,6.38992,6.05702,0.99612,6.41929,0.99612,4S,95.0085924137931,18.27071275862069,5.779662413793103,-0.544562413793102,0.16925724137930942,0.6396275862068972,0.0027321251198344637,0.0028173875412249826,0.007336215723822519,99.88377874288285
2/14/25,702568,"Morris, Mason",4S,95.56648,18.21824,6.03233,2450.574887,6.54767,6.06844,0.98163,6.03233,0.98163,4S,95.0085924137931,18.27071275862069,5.779662413793103,0.5578875862069026,-0.0524727586206879,0.252667586206897,0.001652121997225613,0.0028173875412249826,0.007336215723822519,98.41162584653084
2/14/25,702568,"Morris, Mason",SL,86.52224,-7.91414,-3.43512,2581.782404,5.48483,6.07966,1.15524,-3.43512,1.15524,4S,95.0085924137931,18.27071275862069,5.779662413793103,-8.4863524137931,-26.18485275862069,-9.214782413793102,0.010153074156743495,0.0074131820252190065,0.007873758574086115,103.47977666033849
2/14/25,702568,"Morris, Mason",4S,94.06679,16.63926,7.78646,2269.268009,6.09965,6.19452,1.0649,7.78646,1.0649,4S,95.0085924137931,18.27071275862069,5.779662413793103,-0.9418024137930985,-1.6314527586206893,2.006797586206897,0.004136189586723739,0.0028173875412249826,0.007336215723822519,101.79765984963647
2/14/25,702568,"Morris, Mason",4S,94.90762,20.00655,6.75122,2348.464821,6.03465,6.13888,1.1578,6.75122,1.1578,4S,95.0085924137931,18.27071275862069,5.779662413793103,-0.10097241379310162,1.7358372413793113,0.971557586206897,0.009702032148233938,0.0028173875412249826,0.007336215723822519,109.38446314310633
2/14/25,702568,"Morris, Mason",4S,94.28206,15.60532,6.03902,2316.501816,6.30532,6.21672,1.10857,6.03902,1.10857,4S,95.0085924137931,18.27071275862069,5.779662413793103,-0.7265324137930946,-2.6653927586206887,0.25935758620689686,-0.0012449119159446674,0.0028173875412249826,0.007336215723822519,94.46267720293673
2/14/25,702568,"Morris, Mason",SL,86.43891,-5.47803,1.89906,2630.903298,5.51463,6.20847,1.25936,1.89906,1.25936,4S,95.0085924137931,18.27071275862069,5.779662413793103,-8.569682413793089,-23.74874275862069,-3.880602413793103,0.015333025402545105,0.0074131820252190065,0.007873758574086115,110.05852961175576
2/14/25,702568,"Morris, Mason",SL,85.31203,-2.59252,-8.34288,2600.78521,5.39278,6.26711,1.14585,-8.34288,1.14585,4S,95.0085924137931,18.27071275862069,5.779662413793103,-9.696562413793103,-20.86323275862069,-14.122542413793102,0.01677985311535943,0.0074131820252190065,0.007873758574086115,111.89606082280417
2/14/25,702568,"Morris, Mason",4S,93.63206,17.32997,4.46315,2345.985413,6.16516,6.20861,1.10884,4.46315,1.10884,4S,95.0085924137931,18.27071275862069,5.779662413793103,-1.3765324137931003,-0.94074275862069,-1.3165124137931032,0.0037393397614294294,0.0028173875412249826,0.007336215723822519,101.25671361763618
2/14/25,702568,"Morris, Mason",4S,94.37239,19.28355,5.71536,2335.009894,6.35632,6.06991,1.07893,5.71536,1.07893,4S,95.0085924137931,18.27071275862069,5.779662413793103,-0.6362024137931002,1.0128372413793123,-0.06430241379310253,-0.0036547380207186775,0.0028173875412249826,0.007336215723822519,91.17784181164812
2/14/25,702568,"Morris, Mason",SL,84.56932,-3.71327,-8.22398,2558.111667,5.38256,6.17369,1.17723,-8.22398,1.17723,4S,95.0085924137931,18.27071275862069,5.779662413793103,-10.439272413793091,-21.98398275862069,-14.003642413793102,0.014996978902137557,0.0074131820252190065,0.007873758574086115,109.6317366167133
2/14/25,702568,"Morris, Mason",SL,86.91734,-8.81296,-10.10697,2711.879986,5.54213,6.16835,1.09156,-10.10697,1.09156,4S,95.0085924137931,18.27071275862069,5.779662413793103,-8.0912524137931,-27.08367275862069,-15.886632413793103,0.006353475407234914,0.0074131820252190065,0.007873758574086115,98.65412863753308
2/14/25,702568,"Morris, Mason",SL,84.986,-4.86764,-1.46362,2693.464142,5.49773,6.18876,1.25315,-1.46362,1.25315,4S,95.0085924137931,18.27071275862069,5.779662413793103,-10.022592413793092,-23.13835275862069,-7.243282413793103,0.013263661155373443,0.0074131820252190065,0.007873758574086115,107.43035117867261
2/14/25,702568,"Morris, Mason",4S,94.11668,16.55745,3.25803,2303.114613,6.33288,6.18815,0.96689,3.25803,0.96689,4S,95.0085924137931,18.27071275862069,5.779662413793103,-0.8919124137930936,-1.71326275862069,-2.5216324137931028,-0.0008827574325803879,0.0028173875412249826,0.007336215723822519,94.9563301937945
2/14/25,702568,"Morris, Mason",4S,94.29561,17.36056,4.42134,2392.882155,6.33583,6.23385,0.93841,4.42134,0.93841,4S,95.0085924137931,18.27071275862069,5.779662413793103,-0.7129824137930996,-0.9101527586206899,-1.3583224137931031,0.005868900375114359,0.0028173875412249826,0.007336215723822519,104.15951895195823
2/14/25,702568,"Morris, Mason",4S,95.75015,19.43773,5.49705,2371.33446,6.43168,6.10887,0.9484,5.49705,0.9484,4S,95.0085924137931,18.27071275862069,5.779662413793103,0.741557586206909,1.167017241379309,-0.2826124137931032,0.001323926369757943,0.0028173875412249826,0.007336215723822519,97.96426219226706
2/14/25,702568,"Morris, Mason",SL,86.80785,-6.523,-3.70925,2691.134656,5.79815,6.12117,1.05627,-3.70925,1.05627,4S,95.0085924137931,18.27071275862069,5.779662413793103,-8.200742413793094,-24.79371275862069,-9.488912413793102,0.012580871534151446,0.0074131820252190065,0.007873758574086115,106.56318003696505
2/14/25,702568,"Morris, Mason",4S,94.44071,19.22001,5.79815,2371.998017,6.29829,6.22816,1.06138,5.79815,1.06138,4S,95.0085924137931,18.27071275862069,5.779662413793103,-0.5678824137931002,0.949297241379309,0.018487586206896722,-0.0012171151707751399,0.0028173875412249826,0.007336215723822519,94.50056696274744
2/14/25,702568,"Morris, Mason",SL,84.81842,-7.85587,-7.03898,2646.513823,5.52791,6.18969,1.2714,-7.03898,1.2714,4S,95.0085924137931,18.27071275862069,5.779662413793103,-10.190172413793093,-26.12658275862069,-12.818642413793103,0.014176013587475505,0.0074131820252190065,0.007873758574086115,108.58907661267915
2/14/25,702568,"Morris, Mason",SL,85.90644,-6.39355,0.67697,2639.712125,5.35151,6.29373,0.91966,0.67697,0.91966,4S,95.0085924137931,18.27071275862069,5.779662413793103,-9.102152413793092,-24.66426275862069,-5.102692413793103,0.014450026915994636,0.0074131820252190065,0.007873758574086115,108.93708490622902
2/14/25,702568,"Morris, Mason",4S,93.90869,14.73808,6.43237,2440.321998,6.492,6.16205,0.84299,6.43237,0.84299,4S,95.0085924137931,18.27071275862069,5.779662413793103,-1.0999024137930888,-3.5326327586206894,0.6527075862068967,-0.0034187928007194616,0.0028173875412249826,0.007336215723822519,91.49945888083141
2/14/25,1000146120,"Spencer, Connor",4S,95.47721,16.9391,2.82937,2216.545614,6.05082,5.72512,2.33278,2.82937,2.33278,4S,94.17132090909091,17.988298636363638,-1.3142163636363635,1.3058890909090906,-1.0491986363636379,4.143586363636364,0.0121164157442524,0.0028173875412249826,0.007336215723822519,112.67551085341064
2/14/25,1000146120,"Spencer, Connor",4S,95.82381,15.33257,-2.21252,2233.272155,6.16391,5.81823,2.12149,-2.21252,2.12149,4S,94.17132090909091,17.988298636363638,-1.3142163636363635,1.6524890909090857,-2.655728636363637,-0.8983036363636365,0.006958073085879167,0.0028173875412249826,0.007336215723822519,105.6441709193588
2/14/25,1000146120,"Spencer, Connor",4S,93.87807,20.10418,1.84059,2257.060374,6.04776,5.80151,2.24542,1.84059,2.24542,4S,94.17132090909091,17.988298636363638,-1.3142163636363635,-0.293250909090915,2.115881363636362,3.1548063636363635,0.010635016813242117,0.0028173875412249826,0.007336215723822519,110.65621509279143
2/14/25,1000146120,"Spencer, Connor",4S,94.33216,18.89773,0.99193,2255.454396,5.95529,5.89144,2.27096,0.99193,2.27096,4S,94.17132090909091,17.988298636363638,-1.3142163636363635,0.16083909090909287,0.9094313636363616,2.3061463636363637,0.010605922001888148,0.0028173875412249826,0.007336215723822519,110.61655593819557
2/14/25,1000146120,"Spencer, Connor",4S,94.91458,19.08788,-1.16587,2232.972987,6.22187,5.81982,2.16055,-1.16587,2.16055,4S,94.17132090909091,17.988298636363638,-1.3142163636363635,0.7432590909090919,1.0995813636363607,0.14834636363636355,0.00889943821289189,0.0028173875412249826,0.007336215723822519,108.2904468742883
2/14/25,1000146120,"Spencer, Connor",4S,96.64572,18.45462,-2.61217,2262.871681,6.08445,5.85652,2.17283,-2.61217,2.17283,4S,94.17132090909091,17.988298636363638,-1.3142163636363635,2.4743990909090883,0.4663213636363608,-1.2979536363636364,0.009037398496516528,0.0028173875412249826,0.007336215723822519,108.47850061864132
2/14/25,1000146120,"Spencer, Connor",4S,96.09103,19.78395,0.33496,2312.0707,5.90222,5.8813,2.47044,0.33496,2.47044,4S,94.17132090909091,17.988298636363638,-1.3142163636363635,1.9197090909090946,1.7956513636363631,1.6491763636363634,0.012727420186753326,0.0028173875412249826,0.007336215723822519,113.50837137101627
2/14/25,1000146120,"Spencer, Connor",4S,95.46397,18.93044,-6.0241,2325.041033,6.2807,5.85881,2.26372,-6.0241,2.26372,4S,94.17132090909091,17.988298636363638,-1.3142163636363635,1.2926490909090944,0.9421413636363631,-4.709883636363636,0.006396055617188393,0.0028173875412249826,0.007336215723822519,104.87808457477959
2/14/25,1000146120,"Spencer, Connor",4S,94.63797,19.05434,-1.8378,2146.161283,6.00611,5.79639,2.25603,-1.8378,2.25603,4S,94.17132090909091,17.988298636363638,-1.3142163636363635,0.4666490909090868,1.0660413636363621,-0.5235836363636366,0.012247406463185638,0.0028173875412249826,0.007336215723822519,112.85406438000322
2/14/25,1000146120,"Spencer, Connor",4S,93.28418,18.76666,0.43606,2183.155947,5.93935,5.70901,2.38851,0.43606,2.38851,4S,94.17132090909091,17.988298636363638,-1.3142163636363635,-0.8871409090909026,0.778361363636364,1.7502763636363636,0.007167950441195196,0.0028173875412249826,0.007336215723822519,105.9302548667467
2/14/25,1000146120,"Spencer, Connor",4S,94.01943,16.75489,-2.4791,2251.456773,6.17962,5.83981,2.34031,-2.4791,2.34031,4S,94.17132090909091,17.988298636363638,-1.3142163636363635,-0.15189090909090908,-1.233408636363638,-1.1648836363636363,0.00881316568574044,0.0028173875412249826,0.007336215723822519,108.17284874140992
2/14/25,1000146120,"Spencer, Connor",4S,92.99063,19.29174,-5.23032,2189.122056,5.94265,5.81919,2.46098,-5.23032,2.46098,4S,94.17132090909091,17.988298636363638,-1.3142163636363635,-1.180690909090913,1.303441363636363,-3.916103636363636,0.007184165605822733,0.0028173875412249826,0.007336215723822519,105.9523577672583
2/14/25,1000146120,"Spencer, Connor",4S,92.18169,17.66552,-0.43984,2174.294332,6.0056,5.74448,2.50035,-0.43984,2.50035,4S,94.17132090909091,17.988298636363638,-1.3142163636363635,-1.9896309090909057,-0.3227786363636369,0.8743763636363635,0.00788487347376947,0.0028173875412249826,0.007336215723822519,106.90749307724022
2/14/25,1000146120,"Spencer, Connor",SL,84.40603,4.26736,-0.66799,949.33357,5.62266,5.69638,2.10823,-0.66799,2.10823,4S,94.17132090909091,17.988298636363638,-1.3142163636363635,-9.765290909090908,-13.720938636363638,0.6462263636363635,0.014970067090730378,0.0074131820252190065,0.007873758574086115,109.59755749989893
2/14/25,1000146120,"Spencer, Connor",4S,94.6349,16.16517,-2.21752,2295.55642,6.11701,5.82305,2.19181,-2.21752,2.19181,4S,94.17132090909091,17.988298636363638,-1.3142163636363635,0.4635790909090929,-1.8231286363636379,-0.9033036363636364,0.006671348410896638,0.0028173875412249826,0.007336215723822519,105.2533363449999
2/14/25,1000146120,"Spencer, Connor",4S,93.06791,16.87725,-2.68532,2219.228819,6.09948,5.88326,2.27662,-2.68532,2.27662,4S,94.17132090909091,17.988298636363638,-1.3142163636363635,-1.1034109090909112,-1.1110486363636376,-1.3711036363636364,0.002434426043854232,0.0028173875412249826,0.007336215723822519,99.47798495602143
2/14/25,1000146120,"Spencer, Connor",4S,92.14275,18.38147,-1.15248,2188.28938,6.31327,5.86252,2.27737,-1.15248,2.27737,4S,94.17132090909091,17.988298636363638,-1.3142163636363635,-2.0285709090909023,0.3931713636363625,0.16173636363636357,0.0024703630744008494,0.0028173875412249826,0.007336215723822519,99.52697074365295
2/14/25,1000146120,"Spencer, Connor",4S,94.6898,18.31985,-0.32055,2204.830929,6.0355,5.83211,2.31116,-0.32055,2.31116,4S,94.17132090909091,17.988298636363638,-1.3142163636363635,0.5184790909090964,0.3315513636363612,0.9936663636363635,0.011512106892954463,0.0028173875412249826,0.007336215723822519,111.8517771001411
2/14/25,1000146120,"Spencer, Connor",4S,92.51007,17.37088,-1.35693,2160.903964,6.15073,5.74143,2.40786,-1.35693,2.40786,4S,94.17132090909091,17.988298636363638,-1.3142163636363635,-1.66125090909091,-0.617418636363638,-0.042713636363636454,0.006454498321320666,0.0028173875412249826,0.007336215723822519,104.95774785941079
2/14/25,1000146120,"Spencer, Connor",4S,93.55505,17.5121,-1.68095,2175.261613,6.00799,5.81639,2.19362,-1.68095,2.19362,4S,94.17132090909091,17.988298636363638,-1.3142163636363635,-0.6162709090909146,-0.47619863636363746,-0.36673363636363643,0.013530037043393929,0.0028173875412249826,0.007336215723822519,114.60241888386993
2/14/25,1000146120,"Spencer, Connor",4S,94.00891,17.34599,-1.75689,2189.670885,6.14013,5.81366,2.25361,-1.75689,2.25361,4S,94.17132090909091,17.988298636363638,-1.3142163636363635,-0.16241090909090872,-0.6423086363636372,-0.44267363636363655,0.01100238442175815,0.0028173875412249826,0.007336215723822519,111.15697409763244
,1000146120,"Spencer, Connor",,,,,,,,,,,4S,94.17132090909091,17.988298636363638,-1.3142163636363635,,,,,,,
,1000146120,"Spencer, Connor",,,,,,,,,,,4S,94.17132090909091,17.988298636363638,-1.3142163636363635,,,,,,,
,1000146120,"Spencer, Connor",,,,,,,,,,,4S,94.17132090909091,17.988298636363638,-1.3142163636363635,,,,,,,
,1000146120,"Spencer, Connor",,,,,,,,,,,4S,94.17132090909091,17.988298636363638,-1.3142163636363635,,,,,,,
2/14/25,1000146120,"Spencer, Connor",4S,94.19399,18.31359,-2.53201,2192.37849,6.22223,5.86498,2.22811,-2.53201,2.22811,4S,94.17132090909091,17.988298636363638,-1.3142163636363635,0.022669090909090528,0.3252913636363637,-1.2177936363636366,0.009015827932150167,0.0028173875412249826,0.007336215723822519,108.44909776957255
2/14/25,1000146120,"Spencer, Connor",4S,93.22523,16.39265,0.3587,2185.461834,6.23467,5.74576,2.16731,0.3587,2.16731,4S,94.17132090909091,17.988298636363638,-1.3142163636363635,-0.9460909090909126,-1.595648636363638,1.6729163636363635,0.006325849551825184,0.0028173875412249826,0.007336215723822519,104.78238664548448
